{
    "name": "root",
    "gauges": {
        "Roll.Policy.Entropy.mean": {
            "value": 1.0862635374069214,
            "min": 1.0861338376998901,
            "max": 1.4003307819366455,
            "count": 50
        },
        "Roll.Policy.Entropy.sum": {
            "value": 10883.2744140625,
            "min": 10838.8427734375,
            "max": 14008.9091796875,
            "count": 50
        },
        "Roll.Environment.EpisodeLength.mean": {
            "value": 176.76785714285714,
            "min": 131.51315789473685,
            "max": 287.7647058823529,
            "count": 50
        },
        "Roll.Environment.EpisodeLength.sum": {
            "value": 9899.0,
            "min": 9722.0,
            "max": 10225.0,
            "count": 50
        },
        "Roll.Step.mean": {
            "value": 499979.0,
            "min": 9940.0,
            "max": 499979.0,
            "count": 50
        },
        "Roll.Step.sum": {
            "value": 499979.0,
            "min": 9940.0,
            "max": 499979.0,
            "count": 50
        },
        "Roll.Policy.ExtrinsicValueEstimate.mean": {
            "value": 0.23496589064598083,
            "min": -26.8237247467041,
            "max": 4.206998825073242,
            "count": 50
        },
        "Roll.Policy.ExtrinsicValueEstimate.sum": {
            "value": 42.058895111083984,
            "min": -4667.328125,
            "max": 736.2247924804688,
            "count": 50
        },
        "Roll.Environment.CumulativeReward.mean": {
            "value": 0.6071428571428571,
            "min": 0.11428571428571428,
            "max": 0.7384615384615385,
            "count": 50
        },
        "Roll.Environment.CumulativeReward.sum": {
            "value": 34.0,
            "min": 4.0,
            "max": 54.0,
            "count": 50
        },
        "Roll.Policy.ExtrinsicReward.mean": {
            "value": 0.6071428571428571,
            "min": 0.11428571428571428,
            "max": 0.7384615384615385,
            "count": 50
        },
        "Roll.Policy.ExtrinsicReward.sum": {
            "value": 34.0,
            "min": 4.0,
            "max": 54.0,
            "count": 50
        },
        "Roll.Losses.PolicyLoss.mean": {
            "value": 0.24700854672097314,
            "min": 0.23679576616419895,
            "max": 0.2867774558056992,
            "count": 50
        },
        "Roll.Losses.PolicyLoss.sum": {
            "value": 19.76068373767785,
            "min": 19.088621601031146,
            "max": 23.228973920261634,
            "count": 50
        },
        "Roll.Losses.ValueLoss.mean": {
            "value": 0.03696536154414281,
            "min": 0.003656440402311356,
            "max": 828.4384285131246,
            "count": 50
        },
        "Roll.Losses.ValueLoss.sum": {
            "value": 2.957228923531425,
            "min": 0.30348455339184255,
            "max": 67931.95113807621,
            "count": 50
        },
        "Roll.Policy.LearningRate.mean": {
            "value": 3.0055889981699997e-06,
            "min": 3.0055889981699997e-06,
            "max": 0.00029700363099878995,
            "count": 50
        },
        "Roll.Policy.LearningRate.sum": {
            "value": 0.00024044711985359997,
            "min": 0.00024044711985359997,
            "max": 0.023864897645034203,
            "count": 50
        },
        "Roll.Policy.Epsilon.mean": {
            "value": 0.10100183,
            "min": 0.10100183,
            "max": 0.19900120999999998,
            "count": 50
        },
        "Roll.Policy.Epsilon.sum": {
            "value": 8.0801464,
            "min": 8.0801464,
            "max": 16.154965800000003,
            "count": 50
        },
        "Roll.Policy.Beta.mean": {
            "value": 1.4908966999999999e-05,
            "min": 1.4908966999999999e-05,
            "max": 0.000495105929,
            "count": 50
        },
        "Roll.Policy.Beta.sum": {
            "value": 0.00119271736,
            "min": 0.00119271736,
            "max": 0.03979933242000001,
            "count": 50
        },
        "Roll.IsTraining.mean": {
            "value": 1.0,
            "min": 1.0,
            "max": 1.0,
            "count": 50
        },
        "Roll.IsTraining.sum": {
            "value": 1.0,
            "min": 1.0,
            "max": 1.0,
            "count": 50
        }
    },
    "metadata": {
        "timer_format_version": "0.1.0",
        "start_time_seconds": "1662204468",
        "python_version": "3.7.0 (default, Jun 28 2018, 08:04:48) [MSC v.1912 64 bit (AMD64)]",
        "command_line_arguments": "C:\\Users\\44797\\miniconda3\\envs\\unity\\Scripts\\mlagents-learn C:/Users/44797/Documents/unityModels/roller.yml --run id=rollerTest --force",
        "mlagents_version": "0.28.0",
        "mlagents_envs_version": "0.28.0",
        "communication_protocol_version": "1.5.0",
        "pytorch_version": "1.7.1+cu110",
        "numpy_version": "1.21.6",
        "end_time_seconds": "1662208814"
    },
    "total": 4345.612076599999,
    "count": 1,
    "self": 0.005018699999709497,
    "children": {
        "run_training.setup": {
            "total": 0.0852002999999999,
            "count": 1,
            "self": 0.0852002999999999
        },
        "TrainerController.start_learning": {
            "total": 4345.5218576,
            "count": 1,
            "self": 6.7894215000151235,
            "children": {
                "TrainerController._reset_env": {
                    "total": 23.492905500000003,
                    "count": 1,
                    "self": 23.492905500000003
                },
                "TrainerController.advance": {
                    "total": 4315.178141399984,
                    "count": 502242,
                    "self": 6.236304199889673,
                    "children": {
                        "env_step": {
                            "total": 3106.907159399989,
                            "count": 502242,
                            "self": 2329.3136699999086,
                            "children": {
                                "SubprocessEnvManager._take_step": {
                                    "total": 771.8979652000281,
                                    "count": 502242,
                                    "self": 19.623686300036866,
                                    "children": {
                                        "TorchPolicy.evaluate": {
                                            "total": 752.2742788999913,
                                            "count": 500043,
                                            "self": 251.02018389985233,
                                            "children": {
                                                "TorchPolicy.sample_actions": {
                                                    "total": 501.25409500013893,
                                                    "count": 500043,
                                                    "self": 501.25409500013893
                                                }
                                            }
                                        }
                                    }
                                },
                                "workers": {
                                    "total": 5.695524200052194,
                                    "count": 502242,
                                    "self": 0.0,
                                    "children": {
                                        "worker_root": {
                                            "total": 4314.3647095997885,
                                            "count": 502242,
                                            "is_parallel": true,
                                            "self": 2276.1407450000524,