{"cameraMode":{"drawMode":0,"name":"Shaded","section":"Shading Mode"},"sceneLighting":true,"audioPlay":false,"sceneViewState":{"m_AlwaysRefresh":false,"showFog":true,"showSkybox":true,"showFlares":true,"showImageEffects":true,"showParticleSystems":true,"showVisualEffectGraphs":true,"m_FxEnabled":true},"in2DMode":false,"pivot":{"x":2.132456064224243,"y":0.7302356362342835,"z":-8.479040145874024},"rotation":{"x":0.38732394576072695,"y":0.01965337246656418,"z":-0.008230043575167656,"w":0.9217247366905212},"size":13.59893798828125,"orthographic":false}