{"cameraMode":{"drawMode":0,"name":"Shaded","section":"Shading Mode"},"sceneLighting":true,"audioPlay":false,"sceneViewState":{"m_AlwaysRefresh":false,"showFog":true,"showSkybox":true,"showFlares":true,"showImageEffects":true,"showParticleSystems":true,"showVisualEffectGraphs":true,"m_FxEnabled":true},"in2DMode":false,"pivot":{"x":4.582347869873047,"y":-59.513282775878909,"z":-45.99138641357422},"rotation":{"x":0.006685954052954912,"y":0.8992992043495178,"z":-0.4370739161968231,"w":0.013756993226706982},"size":50.97858428955078,"orthographic":false}