{"count":1,"self":4703.7034496,"total":4706.2038351,"children":{"InitializeActuators":{"count":1,"self":0.0015013,"total":0.0015013,"children":null},"InitializeSensors":{"count":1,"self":0.0010008999999999999,"total":0.0010008999999999999,"children":null},"AgentSendState":{"count":220911,"self":0.69040819999999992,"total":0.85543629999999993,"children":{"CollectObservations":{"count":22092,"self":0.0932152,"total":0.0932152,"children":null},"WriteActionMask":{"count":22092,"self":0.0223795,"total":0.0223795,"children":null},"RequestDecision":{"count":22092,"self":0.049433399999999995,"total":0.049433399999999995,"children":null}}},"DecideAction":{"count":220911,"self":0.76036249999999994,"total":0.76036249999999994,"children":null},"AgentAct":{"count":220911,"self":0.8815984,"total":0.8815984,"children":null}},"gauges":{"Roll.CumulativeReward":{"count":113,"max":1,"min":0,"runningAverage":0.0353982262,"value":0,"weightedAverage":2.40811755E-14}},"metadata":{"timer_format_version":"0.1.0","start_time_seconds":"1662125055","unity_version":"2021.3.6f1","command_line_arguments":"C:\\Program Files\\Unity\\Hub\\Editor\\2021.3.6f1\\Editor\\Unity.exe -projectpath C:\\Users\\44797\\Octagon -useHub -hubIPC -cloudEnvironment production -licensingIpc LicenseClient-A4SnjUy1dTnp0rVHaimjm -hubSessionId 461a91f0-2a9a-11ed-a422-99d1a2e7d247 -accessToken eowerc8DXlMBPwm5-86nejZX1ZF2HUnPjnhNNt58KD8005f","communication_protocol_version":"1.5.0","com.unity.ml-agents_version":"2.0.1","scene_name":"SampleScene","end_time_seconds":"1662129761"}}